My Roth IRA,2026,09,46221.52
Alight,2026,09,358406.33
Joint Checking,2026,09,3052.96
Joint Credit,2026,09,-3108.66
Joint Go,2026,09,2297.33
Joint Savings,2026,09,5
Bianca's 529,2026,09,3264.43
My Checking,2026,09,4982.24
My Credit,2026,09,-1281.59
My Go,2026,09,144097.03
My HSA Go,2026,09,5303.61
My Savings,2026,09,5.38
HSA,2026,08,0
My Roth IRA,2026,08,45492.25
Alight,2026,08,348571.79
Joint Checking,2026,08,6288.49
Joint Credit,2026,08,-2701.03
Joint Go,2026,08,2213.47
Joint Savings,2026,08,350.29
Bianca's 529,2026,08,2946.54
My Checking,2026,08,8348.02
My Credit,2026,08,-1365
My Go,2026,08,142202.66
My High Yield,2026,08,0
My HSA Go,2026,08,5228.57
My Savings,2026,08,505.38
